{"v":"4.6.6","fr":60,"ip":0,"op":240,"w":1280,"h":720,"nm":"Heart","ddd":0,"assets":[],"layers":[{"ddd":0,"ind":1,"ty":4,"nm":"Shape Layer 2","ks":{"o":{"a":0,"k":100},"r":{"a":0,"k":0},"p":{"a":0,"k":[640,360,0]},"a":{"a":0,"k":[0,0,0]},"s":{"a":0,"k":[100,100,100]}},"ao":0,"shapes":[],"ip":0,"op":240,"st":0,"bm":0,"sr":1},{"ddd":0,"ind":2,"ty":4,"nm":"Shape Layer 1","ks":{"o":{"a":0,"k":100},"r":{"a":0,"k":0},"p":{"a":0,"k":[640,360,0]},"a":{"a":0,"k":[0,0,0]},"s":{"a":0,"k":[100,100,100]}},"ao":0,"shapes":[{"ty":"gr","it":[{"ind":0,"ty":"sh","ix":1,"ks":{"a":0,"k":{"i":[[0,0]],"o":[[0,0]],"v":[[-585.753,55.89]],"c":false}},"nm":"Path 1","mn":"ADBE Vector Shape - Group"},{"ty":"st","c":{"a":0,"k":[1,1,1,1]},"o":{"a":0,"k":100},"w":{"a":0,"k":40},"lc":1,"lj":1,"ml":4,"nm":"Stroke 1","mn":"ADBE Vector Graphic - Stroke"},{"ty":"fl","c":{"a":0,"k":[0.176471,0.176471,0.176471,1]},"o":{"a":0,"k":100},"r":1,"nm":"Fill 1","mn":"ADBE Vector Graphic - Fill"},{"ty":"tr","p":{"a":0,"k":[0,0],"ix":2},"a":{"a":0,"k":[0,0],"ix":1},"s":{"a":0,"k":[100,100],"ix":3},"r":{"a":0,"k":0,"ix":6},"o":{"a":0,"k":100,"ix":7},"sk":{"a":0,"k":0,"ix":4},"sa":{"a":0,"k":0,"ix":5},"nm":"Transform"}],"nm":"Shape 2","np":3,"cix":2,"ix":1,"mn":"ADBE Vector Group"},{"ty":"gr","it":[{"ind":0,"ty":"sh","ix":1,"ks":{"a":0,"k":{"i":[[0,7],[24.323,23.211],[42.928,0.138],[10.453,-2.6],[5.848,-2.295],[3.439,-1.716],[0.812,-0.385],[0.406,-0.206],[1.334,-0.762],[0.35,-0.158],[1.977,-1.28],[9.105,-9.105],[0.264,-0.023],[3.858,3.402],[2.544,1.688],[1.662,1.103],[1.662,1.103],[13.502,4.373],[16.54,-0.293],[14.021,-6.462],[1.679,-0.774],[4.856,-2.782],[3.268,-2.301],[4.786,-4.33],[1.033,-0.685],[2.822,-3.194],[0.921,-1.038],[1.548,-2.334],[1.103,-1.662],[4.396,-10.433],[2.327,-16.924],[0,-7],[-22.735,-23.666],[-23.558,-23.558],[-40.517,-40.517],[-4.017,-2.043],[-9.22,8.858],[-3.984,3.984],[-48.222,48.222],[-13.08,15.532],[-2.74,4.817],[-0.781,1.295],[-1.271,2.453],[-1.25,2.863],[-1.03,2.741],[-2.137,14.406]],"o":[[-3.785,-38.757],[-23.329,-22.262],[-13.666,-0.044],[-7.525,1.872],[-3.356,1.317],[-0.804,0.401],[-0.489,0.232],[-1.341,0.68],[-0.414,0.237],[-1.518,0.684],[-10.011,6.483],[-0.311,0.311],[-2.391,0.207],[-2.136,-1.884],[-0.94,-0.623],[-0.94,-0.623],[-9.889,-6.56],[-14.143,-4.581],[-17.51,0.31],[-1.339,0.617],[-4.46,2.056],[-3.091,1.771],[-4.303,3.03],[-0.83,0.751],[-2.823,1.873],[-1.071,1.213],[-1.626,1.832],[-0.623,0.94],[-5.027,7.578],[-5.345,12.685],[0,7],[4.04,40.926],[22.257,23.168],[39.962,39.962],[4.378,4.378],[11.774,5.988],[4.872,-4.68],[49.512,-49.513],[15.137,-15.137],[4.278,-5.081],[0.905,-1.59],[1.509,-2.502],[1.358,-2.622],[1.289,-2.953],[4.476,-11.915],[0,-7]],"v":[[256,-92],[211,-186],[112,-226],[76,-221],[57,-215],[47,-210],[44,-210],[43,-208],[39,-207],[38,-205],[33,-203],[3,-178],[1,-175],[-14,-188],[-20,-193],[-24,-196],[-28,-199],[-66,-219],[-114,-226],[-163,-216],[-168,-214],[-184,-206],[-193,-201],[-208,-189],[-210,-187],[-218,-178],[-222,-175],[-226,-169],[-229,-165],[-245,-137],[-256,-92],[-256,-71],[-212,23],[-142,92],[-21,213],[-10,223],[19,216],[33,202],[175,59],[221,13],[233,-3],[235,-7],[240,-14],[243,-23],[247,-31],[256,-71]],"c":true}},"nm":"Path 1","mn":"ADBE Vector Shape - Group"},{"ty":"st","c":{"a":0,"k":[1,0.596,0,1]},"o":{"a":0,"k":100},"w":{"a":0,"k":40},"lc":2,"lj":2,"nm":"Stroke 1","mn":"ADBE Vector Graphic - Stroke"},{"ty":"fl","c":{"a":0,"k":[1,0.596,0,1]},"o":{"a":1,"k":[{"i":{"x":[0.833],"y":[0.833]},"o":{"x":[0.167],"y":[0.167]},"n":["0p833_0p833_0p167_0p167"],"t":0,"s":[0],"e":[0]},{"i":{"x":[0.833],"y":[0.833]},"o":{"x":[0.167],"y":[0.167]},"n":["0p833_0p833_0p167_0p167"],"t":65,"s":[0],"e":[100]},{"t":80}]},"r":1,"nm":"Fill 1","mn":"ADBE Vector Graphic - Fill"},{"ty":"tr","p":{"a":0,"k":[0,0],"ix":2},"a":{"a":0,"k":[0,0],"ix":1},"s":{"a":0,"k":[91,91],"ix":3},"r":{"a":0,"k":0,"ix":6},"o":{"a":0,"k":100,"ix":7},"sk":{"a":0,"k":0,"ix":4},"sa":{"a":0,"k":0,"ix":5},"nm":"Transform"}],"nm":"Shape 1","np":3,"cix":2,"ix":2,"mn":"ADBE Vector Group"},{"ty":"tm","s":{"a":1,"k":[{"i":{"x":[0.833],"y":[0.833]},"o":{"x":[0.167],"y":[0.167]},"n":["0p833_0p833_0p167_0p167"],"t":0,"s":[100],"e":[0]},{"t":49}],"ix":1},"e":{"a":0,"k":100,"ix":2},"o":{"a":1,"k":[{"i":{"x":[0.833],"y":[0.833]},"o":{"x":[0.167],"y":[0.167]},"n":["0p833_0p833_0p167_0p167"],"t":0,"s":[63],"e":[63]},{"t":59}],"ix":3},"m":1,"ix":3,"nm":"Trim Paths 1","mn":"ADBE Vector Filter - Trim"}],"ip":0,"op":240,"st":0,"bm":0,"sr":1}]}